-- ============================================================================
-- VALORIZE PLATFORM - PART 4: INTERNATIONALIZATION & LOCALIZATION
-- Database Migration Phase 4 - Multi-Language and Cultural Support
-- ============================================================================

-- This file implements comprehensive internationalization features:
-- - Multi-language support system with RTL support
-- - User localization preferences (language, timezone, currency)
-- - Localized content for initiatives, rewards, and company values
-- - Multi-currency support with exchange rates
-- - Cultural customization (date formats, number formats)
-- - Timezone-aware operations and display preferences

-- PREREQUISITES: Parts 1, 2, and 3 must be executed first

-- ============================================================================
-- LANGUAGE & LOCALE FOUNDATION
-- ============================================================================

-- Supported languages and regional settings
CREATE TABLE "languages" (
  "code" varchar(5) PRIMARY KEY, -- ISO 639-1 + optional country (e.g., 'en', 'pt-BR', 'zh-CN')
  "name" varchar(100) NOT NULL, -- English name
  "native_name" varchar(100) NOT NULL, -- Native language name
  "active" boolean NOT NULL DEFAULT true,
  "rtl" boolean NOT NULL DEFAULT false, -- Right-to-left languages (Arabic, Hebrew)
  "flag_emoji" varchar(10), -- Country flag emoji for UI
  "decimal_separator" varchar(1) NOT NULL DEFAULT '.',
  "thousands_separator" varchar(1) NOT NULL DEFAULT ',',
  "date_format" varchar(20) NOT NULL DEFAULT 'YYYY-MM-DD',
  "time_format" varchar(10) NOT NULL DEFAULT '24h',
  "first_day_of_week" smallint NOT NULL DEFAULT 0, -- 0=Sunday, 1=Monday
  "created_at" timestamptz NOT NULL DEFAULT NOW(),
  "updated_at" timestamptz NOT NULL DEFAULT NOW()
);

-- Language constraints
ALTER TABLE "languages" ADD CONSTRAINT "check_valid_time_format_lang"
  CHECK ("time_format" IN ('12h', '24h'));

ALTER TABLE "languages" ADD CONSTRAINT "check_valid_first_day_week"
  CHECK ("first_day_of_week" >= 0 AND "first_day_of_week" <= 6);

-- Language indexes
CREATE INDEX "idx_languages_active" ON "languages" ("active");

-- ============================================================================
-- CURRENCY SYSTEM
-- ============================================================================

-- Comprehensive currency support with exchange rates
CREATE TABLE "currencies" (
  "code" varchar(3) PRIMARY KEY, -- ISO 4217 (USD, EUR, BRL, JPY, etc.)
  "name" varchar(100) NOT NULL,
  "symbol" varchar(10) NOT NULL,
  "symbol_position" varchar(10) NOT NULL DEFAULT 'before', -- before, after
  "decimal_places" smallint NOT NULL DEFAULT 2,
  "active" boolean NOT NULL DEFAULT true,
  "is_crypto" boolean NOT NULL DEFAULT false, -- Cryptocurrency flag
  "created_at" timestamptz NOT NULL DEFAULT NOW(),
  "updated_at" timestamptz NOT NULL DEFAULT NOW()
);

-- Currency constraints
ALTER TABLE "currencies" ADD CONSTRAINT "check_valid_symbol_position"
  CHECK ("symbol_position" IN ('before', 'after'));

ALTER TABLE "currencies" ADD CONSTRAINT "check_valid_decimal_places"
  CHECK ("decimal_places" >= 0 AND "decimal_places" <= 8);

-- Exchange rates for multi-currency support
CREATE TABLE "exchange_rates" (
  "id" INT GENERATED BY DEFAULT AS IDENTITY PRIMARY KEY,
  "from_currency" varchar(3) NOT NULL,
  "to_currency" varchar(3) NOT NULL,
  "rate" decimal(20,8) NOT NULL, -- High precision for exchange rates
  "rate_date" date NOT NULL,
  "source" varchar(50) NOT NULL DEFAULT 'API', -- API, MANUAL, BANK
  "created_at" timestamptz NOT NULL DEFAULT NOW(),
  UNIQUE("from_currency", "to_currency", "rate_date")
);

-- Add foreign keys
ALTER TABLE "exchange_rates" ADD FOREIGN KEY ("from_currency") REFERENCES "currencies" ("code");
ALTER TABLE "exchange_rates" ADD FOREIGN KEY ("to_currency") REFERENCES "currencies" ("code");

-- Exchange rate constraints
ALTER TABLE "exchange_rates" ADD CONSTRAINT "check_positive_rate"
  CHECK ("rate" > 0);

ALTER TABLE "exchange_rates" ADD CONSTRAINT "check_different_currencies"
  CHECK ("from_currency" != "to_currency");

-- Exchange rate indexes
CREATE INDEX "idx_exchange_rates_currencies_date" ON "exchange_rates" ("from_currency", "to_currency", "rate_date");
CREATE INDEX "idx_exchange_rates_date" ON "exchange_rates" ("rate_date");

-- ============================================================================
-- USER LOCALIZATION PREFERENCES
-- ============================================================================

-- Comprehensive user localization settings
CREATE TABLE "user_preferences" (
  "user_id" int PRIMARY KEY,
  "language_code" varchar(5) NOT NULL DEFAULT 'en',
  "timezone" varchar(50) NOT NULL DEFAULT 'UTC', -- IANA timezone (America/Sao_Paulo, etc.)
  "currency_code" varchar(3) NOT NULL DEFAULT 'USD',
  "date_format" varchar(20) NOT NULL DEFAULT 'YYYY-MM-DD',
  "time_format" varchar(10) NOT NULL DEFAULT '24h',
  "number_format" varchar(10) NOT NULL DEFAULT 'en-US', -- Locale for number formatting
  "first_day_of_week" smallint NOT NULL DEFAULT 1, -- User preference override
  "theme" varchar(20) NOT NULL DEFAULT 'light', -- light, dark, auto
  "density" varchar(20) NOT NULL DEFAULT 'normal', -- compact, normal, comfortable
  "email_frequency" varchar(20) NOT NULL DEFAULT 'daily', -- immediate, daily, weekly, none
  "push_notifications" boolean NOT NULL DEFAULT true,
  "created_at" timestamptz NOT NULL DEFAULT NOW(),
  "updated_at" timestamptz NOT NULL DEFAULT NOW()
);

-- Add foreign keys
ALTER TABLE "user_preferences" ADD FOREIGN KEY ("user_id") REFERENCES "user" ("id") ON DELETE CASCADE;
ALTER TABLE "user_preferences" ADD FOREIGN KEY ("language_code") REFERENCES "languages" ("code");
ALTER TABLE "user_preferences" ADD FOREIGN KEY ("currency_code") REFERENCES "currencies" ("code");

-- User preferences constraints
ALTER TABLE "user_preferences" ADD CONSTRAINT "check_valid_time_format_user"
  CHECK ("time_format" IN ('12h', '24h'));

ALTER TABLE "user_preferences" ADD CONSTRAINT "check_valid_theme"
  CHECK ("theme" IN ('light', 'dark', 'auto'));

ALTER TABLE "user_preferences" ADD CONSTRAINT "check_valid_density"
  CHECK ("density" IN ('compact', 'normal', 'comfortable'));

ALTER TABLE "user_preferences" ADD CONSTRAINT "check_valid_email_frequency"
  CHECK ("email_frequency" IN ('immediate', 'daily', 'weekly', 'none'));

-- User preferences indexes
CREATE INDEX "idx_user_preferences_language" ON "user_preferences" ("language_code");
CREATE INDEX "idx_user_preferences_currency" ON "user_preferences" ("currency_code");
CREATE INDEX "idx_user_preferences_timezone" ON "user_preferences" ("timezone");

-- ============================================================================
-- LOCALIZED CONTENT SYSTEM
-- ============================================================================

-- Multi-language content for initiatives
CREATE TABLE "initiatives_i18n" (
  "id" INT GENERATED BY DEFAULT AS IDENTITY PRIMARY KEY,
  "initiative_id" int NOT NULL,
  "language_code" varchar(5) NOT NULL,
  "title" varchar(200) NOT NULL,
  "description" text NOT NULL,
  "created_at" timestamptz NOT NULL DEFAULT NOW(),
  "updated_at" timestamptz NOT NULL DEFAULT NOW(),
  UNIQUE("initiative_id", "language_code")
);

-- Add foreign keys
ALTER TABLE "initiatives_i18n" ADD FOREIGN KEY ("initiative_id") REFERENCES "initiatives" ("id") ON DELETE CASCADE;
ALTER TABLE "initiatives_i18n" ADD FOREIGN KEY ("language_code") REFERENCES "languages" ("code");

-- Multi-language content for rewards
CREATE TABLE "rewards_i18n" (
  "id" INT GENERATED BY DEFAULT AS IDENTITY PRIMARY KEY,
  "reward_id" int NOT NULL,
  "language_code" varchar(5) NOT NULL,
  "title" varchar(200) NOT NULL,
  "description" text NOT NULL,
  "category" varchar(100) NOT NULL,
  "created_at" timestamptz NOT NULL DEFAULT NOW(),
  "updated_at" timestamptz NOT NULL DEFAULT NOW(),
  UNIQUE("reward_id", "language_code")
);

-- Add foreign keys
ALTER TABLE "rewards_i18n" ADD FOREIGN KEY ("reward_id") REFERENCES "rewards" ("id") ON DELETE CASCADE;
ALTER TABLE "rewards_i18n" ADD FOREIGN KEY ("language_code") REFERENCES "languages" ("code");

-- Multi-language content for company values (rebuild from Part 2)
CREATE TABLE "company_values_i18n" (
  "id" INT GENERATED BY DEFAULT AS IDENTITY PRIMARY KEY,
  "value_id" int NOT NULL,
  "language_code" varchar(5) NOT NULL,
  "name" varchar(100) NOT NULL,
  "description" text,
  "created_at" timestamptz NOT NULL DEFAULT NOW(),
  UNIQUE("value_id", "language_code")
);

-- Add foreign keys
ALTER TABLE "company_values_i18n" ADD FOREIGN KEY ("value_id") REFERENCES "company_values" ("id") ON DELETE CASCADE;
ALTER TABLE "company_values_i18n" ADD FOREIGN KEY ("language_code") REFERENCES "languages" ("code");

-- Multi-language content for reward categories
CREATE TABLE "reward_categories_i18n" (
  "id" INT GENERATED BY DEFAULT AS IDENTITY PRIMARY KEY,
  "category_id" int NOT NULL,
  "language_code" varchar(5) NOT NULL,
  "name" varchar(100) NOT NULL,
  "description" text,
  "created_at" timestamptz NOT NULL DEFAULT NOW(),
  UNIQUE("category_id", "language_code")
);

-- Add foreign keys
ALTER TABLE "reward_categories_i18n" ADD FOREIGN KEY ("category_id") REFERENCES "reward_categories" ("id") ON DELETE CASCADE;
ALTER TABLE "reward_categories_i18n" ADD FOREIGN KEY ("language_code") REFERENCES "languages" ("code");

-- Localization indexes
CREATE INDEX "idx_initiatives_i18n_lookup" ON "initiatives_i18n" ("initiative_id", "language_code");
CREATE INDEX "idx_rewards_i18n_lookup" ON "rewards_i18n" ("reward_id", "language_code");
CREATE INDEX "idx_company_values_i18n_lookup" ON "company_values_i18n" ("value_id", "language_code");
CREATE INDEX "idx_reward_categories_i18n_lookup" ON "reward_categories_i18n" ("category_id", "language_code");

-- ============================================================================
-- MULTI-CURRENCY PRICING SYSTEM
-- ============================================================================

-- Reward pricing in multiple currencies
CREATE TABLE "reward_pricing" (
  "id" INT GENERATED BY DEFAULT AS IDENTITY PRIMARY KEY,
  "reward_id" int NOT NULL,
  "currency_code" varchar(3) NOT NULL,
  "price" decimal(15,4) NOT NULL, -- Support for different decimal places
  "coins_price" int NOT NULL, -- Price in platform coins
  "active" boolean NOT NULL DEFAULT true,
  "created_at" timestamptz NOT NULL DEFAULT NOW(),
  "updated_at" timestamptz NOT NULL DEFAULT NOW(),
  UNIQUE("reward_id", "currency_code")
);

-- Add foreign keys
ALTER TABLE "reward_pricing" ADD FOREIGN KEY ("reward_id") REFERENCES "rewards" ("id") ON DELETE CASCADE;
ALTER TABLE "reward_pricing" ADD FOREIGN KEY ("currency_code") REFERENCES "currencies" ("code");

-- Pricing constraints
ALTER TABLE "reward_pricing" ADD CONSTRAINT "check_positive_prices"
  CHECK ("price" > 0 AND "coins_price" > 0);

-- Pricing indexes
CREATE INDEX "idx_reward_pricing_reward" ON "reward_pricing" ("reward_id", "active");
CREATE INDEX "idx_reward_pricing_currency" ON "reward_pricing" ("currency_code", "active");

-- ============================================================================
-- SYSTEM TRANSLATIONS & MESSAGES
-- ============================================================================

-- System messages and UI translations
CREATE TABLE "system_translations" (
  "id" INT GENERATED BY DEFAULT AS IDENTITY PRIMARY KEY,
  "translation_key" varchar(100) NOT NULL, -- e.g., 'buttons.save', 'messages.welcome'
  "language_code" varchar(5) NOT NULL,
  "translation" text NOT NULL,
  "context" varchar(100), -- Additional context for translators
  "pluralization" jsonb, -- For complex plural rules
  "created_at" timestamptz NOT NULL DEFAULT NOW(),
  "updated_at" timestamptz NOT NULL DEFAULT NOW(),
  UNIQUE("translation_key", "language_code")
);

-- Add foreign key
ALTER TABLE "system_translations" ADD FOREIGN KEY ("language_code") REFERENCES "languages" ("code");

-- Translation constraints
ALTER TABLE "system_translations" ADD CONSTRAINT "check_translation_not_empty"
  CHECK (LENGTH(TRIM("translation")) > 0);

-- Translation indexes
CREATE INDEX "idx_system_translations_key_lang" ON "system_translations" ("translation_key", "language_code");
CREATE INDEX "idx_system_translations_lang" ON "system_translations" ("language_code");

-- Full-text search for translations
CREATE INDEX "idx_system_translations_search" ON "system_translations" 
  USING gin(to_tsvector('simple', translation_key || ' ' || translation));

-- ============================================================================
-- TIMEZONE UTILITIES & FUNCTIONS
-- ============================================================================

-- Function to get user's localized timestamp
CREATE OR REPLACE FUNCTION get_user_timestamp(
  user_id_param INT,
  timestamp_utc TIMESTAMPTZ
)
RETURNS TIMESTAMPTZ AS $$
DECLARE
  user_timezone VARCHAR(50);
BEGIN
  -- Get user's timezone preference
  SELECT timezone INTO user_timezone
  FROM user_preferences 
  WHERE user_id = user_id_param;
  
  -- Default to UTC if no preference found
  IF user_timezone IS NULL THEN
    user_timezone := 'UTC';
  END IF;
  
  -- Convert timestamp to user's timezone
  RETURN timezone(user_timezone, timestamp_utc);
END;
$$ LANGUAGE plpgsql STABLE;

-- Function to format currency amount based on user preference
CREATE OR REPLACE FUNCTION format_currency_amount(
  user_id_param INT,
  amount DECIMAL,
  currency_code_param VARCHAR(3) DEFAULT NULL
)
RETURNS TEXT AS $$
DECLARE
  user_currency VARCHAR(3);
  currency_symbol VARCHAR(10);
  symbol_position VARCHAR(10);
  decimal_places SMALLINT;
  formatted_amount TEXT;
BEGIN
  -- Get user's currency preference if not specified
  IF currency_code_param IS NULL THEN
    SELECT currency_code INTO user_currency
    FROM user_preferences 
    WHERE user_id = user_id_param;
    
    IF user_currency IS NULL THEN
      user_currency := 'USD';
    END IF;
  ELSE
    user_currency := currency_code_param;
  END IF;
  
  -- Get currency formatting info
  SELECT symbol, symbol_position, decimal_places
  INTO currency_symbol, symbol_position, decimal_places
  FROM currencies 
  WHERE code = user_currency;
  
  -- Format the amount
  formatted_amount := to_char(amount, 'FM999,999,999,990.' || repeat('0', decimal_places));
  
  -- Apply currency symbol
  IF symbol_position = 'before' THEN
    RETURN currency_symbol || formatted_amount;
  ELSE
    RETURN formatted_amount || currency_symbol;
  END IF;
END;
$$ LANGUAGE plpgsql STABLE;

-- ============================================================================
-- LOCALIZED VIEWS
-- ============================================================================

-- Active users with localization preferences
CREATE VIEW "v_active_users_i18n" AS
SELECT 
  u.id,
  u.name,
  u.email,
  u.coins_to_donate,
  u.coins_to_spend,
  u.created_at,
  up.language_code,
  l.name as language_name,
  l.native_name as language_native_name,
  l.rtl as language_rtl,
  up.timezone,
  up.currency_code,
  c.symbol as currency_symbol,
  up.date_format,
  up.time_format,
  us.last_login_at,
  us.mfa_enabled
FROM "user" u
LEFT JOIN "user_preferences" up ON u.id = up.user_id
LEFT JOIN "languages" l ON up.language_code = l.code
LEFT JOIN "currencies" c ON up.currency_code = c.code
LEFT JOIN "user_security" us ON u.id = us.id_user
WHERE u.active = true AND u.deleted_at IS NULL;

-- Localized initiatives with fallback to default language
CREATE VIEW "v_initiatives_localized" AS
SELECT 
  i.id,
  i.coins,
  i.active,
  i.visible,
  i.rules,
  i.tags,
  i.link,
  i.created_at,
  ii.language_code,
  COALESCE(ii.title, i.title) as title,
  COALESCE(ii.description, i.description) as description
FROM "initiatives" i
LEFT JOIN "initiatives_i18n" ii ON i.id = ii.initiative_id
WHERE i.deleted_at IS NULL;

-- Localized rewards with pricing and category info
CREATE VIEW "v_rewards_localized" AS
SELECT 
  r.id,
  r.active,
  r.brand,
  r.redeemed,
  r.limited,
  r.slug,
  r.created_at,
  ri.language_code,
  COALESCE(ri.title, r.title) as title,
  COALESCE(ri.description, r.description) as description,
  COALESCE(ri.category, r.category) as category,
  -- Category info
  rc.name as category_name,
  rci.name as localized_category_name,
  -- Pricing info
  rp.currency_code,
  rp.price,
  rp.coins_price,
  c.symbol as currency_symbol
FROM "rewards" r
LEFT JOIN "rewards_i18n" ri ON r.id = ri.reward_id
LEFT JOIN "reward_categories" rc ON r.category_id = rc.id
LEFT JOIN "reward_categories_i18n" rci ON (rc.id = rci.category_id AND rci.language_code = ri.language_code)
LEFT JOIN "reward_pricing" rp ON r.id = rp.reward_id
LEFT JOIN "currencies" c ON rp.currency_code = c.code
WHERE r.deleted_at IS NULL;

-- Localized company values
CREATE VIEW "v_company_values_localized" AS
SELECT 
  cv.id,
  cv.code,
  cv.active,
  cv.sort_order,
  cvi.language_code,
  COALESCE(cvi.name, cv.name) as name,
  COALESCE(cvi.description, cv.description) as description,
  cv.icon,
  cv.color
FROM "company_values" cv
LEFT JOIN "company_values_i18n" cvi ON cv.id = cvi.value_id
WHERE cv.active = true;

-- ============================================================================
-- UPDATE TRIGGERS FOR I18N TABLES
-- ============================================================================

CREATE TRIGGER update_languages_updated_at BEFORE UPDATE ON "languages" 
  FOR EACH ROW EXECUTE FUNCTION update_updated_at_column();

CREATE TRIGGER update_currencies_updated_at BEFORE UPDATE ON "currencies" 
  FOR EACH ROW EXECUTE FUNCTION update_updated_at_column();

CREATE TRIGGER update_user_preferences_updated_at BEFORE UPDATE ON "user_preferences" 
  FOR EACH ROW EXECUTE FUNCTION update_updated_at_column();

CREATE TRIGGER update_initiatives_i18n_updated_at BEFORE UPDATE ON "initiatives_i18n" 
  FOR EACH ROW EXECUTE FUNCTION update_updated_at_column();

CREATE TRIGGER update_rewards_i18n_updated_at BEFORE UPDATE ON "rewards_i18n" 
  FOR EACH ROW EXECUTE FUNCTION update_updated_at_column();

CREATE TRIGGER update_reward_pricing_updated_at BEFORE UPDATE ON "reward_pricing" 
  FOR EACH ROW EXECUTE FUNCTION update_updated_at_column();

CREATE TRIGGER update_system_translations_updated_at BEFORE UPDATE ON "system_translations" 
  FOR EACH ROW EXECUTE FUNCTION update_updated_at_column();

-- ============================================================================
-- INITIAL I18N DATA
-- ============================================================================

-- Default languages with cultural settings
INSERT INTO "languages" ("code", "name", "native_name", "active", "rtl", "flag_emoji", "decimal_separator", "thousands_separator", "date_format", "time_format", "first_day_of_week") VALUES
('en', 'English', 'English', true, false, '🇺🇸', '.', ',', 'MM/DD/YYYY', '12h', 0),
('pt-BR', 'Portuguese (Brazil)', 'Português (Brasil)', true, false, '🇧🇷', ',', '.', 'DD/MM/YYYY', '24h', 1),
('es', 'Spanish', 'Español', true, false, '🇪🇸', ',', '.', 'DD/MM/YYYY', '24h', 1),
('fr', 'French', 'Français', true, false, '🇫🇷', ',', ' ', 'DD/MM/YYYY', '24h', 1),
('de', 'German', 'Deutsch', true, false, '🇩🇪', ',', '.', 'DD.MM.YYYY', '24h', 1),
('ja', 'Japanese', '日本語', false, false, '🇯🇵', '.', ',', 'YYYY/MM/DD', '24h', 0),
('zh-CN', 'Chinese (Simplified)', '简体中文', false, false, '🇨🇳', '.', ',', 'YYYY/MM/DD', '24h', 1),
('ar', 'Arabic', 'العربية', false, true, '🇸🇦', '.', ',', 'DD/MM/YYYY', '12h', 6);

-- Default currencies with proper formatting
INSERT INTO "currencies" ("code", "name", "symbol", "symbol_position", "decimal_places", "active", "is_crypto") VALUES
('USD', 'US Dollar', '$', 'before', 2, true, false),
('BRL', 'Brazilian Real', 'R$', 'before', 2, true, false),
('EUR', 'Euro', '€', 'before', 2, true, false),
('GBP', 'British Pound', '£', 'before', 2, true, false),
('JPY', 'Japanese Yen', '¥', 'before', 0, true, false),
('CAD', 'Canadian Dollar', 'CAD$', 'before', 2, true, false),
('AUD', 'Australian Dollar', 'AUD$', 'before', 2, false, false),
('CNY', 'Chinese Yuan', '¥', 'before', 2, false, false),
('BTC', 'Bitcoin', '₿', 'before', 8, false, true),
('ETH', 'Ethereum', 'Ξ', 'before', 6, false, true);

-- Sample exchange rates (in production, these would come from an API)
INSERT INTO "exchange_rates" ("from_currency", "to_currency", "rate", "rate_date", "source") VALUES
('USD', 'BRL', 5.25, CURRENT_DATE, 'API'),
('BRL', 'USD', 0.19, CURRENT_DATE, 'API'),
('USD', 'EUR', 0.92, CURRENT_DATE, 'API'),
('EUR', 'USD', 1.09, CURRENT_DATE, 'API'),
('USD', 'GBP', 0.79, CURRENT_DATE, 'API'),
('GBP', 'USD', 1.27, CURRENT_DATE, 'API');

-- Default company values translations (continuing from Part 2)
INSERT INTO "company_values_i18n" ("value_id", "language_code", "name", "description") VALUES
(1, 'en', 'Innovation', 'Embracing creativity and new ideas to drive progress'),
(1, 'pt-BR', 'Inovação', 'Abraçando a criatividade e novas ideias para impulsionar o progresso'),
(1, 'es', 'Innovación', 'Abrazando la creatividad y nuevas ideas para impulsar el progreso'),
(2, 'en', 'Collaboration', 'Working together towards common goals and shared success'),
(2, 'pt-BR', 'Colaboração', 'Trabalhando juntos em direção a objetivos comuns e sucesso compartilhado'),
(2, 'es', 'Colaboración', 'Trabajando juntos hacia objetivos comunes y éxito compartido'),
(3, 'en', 'Excellence', 'Striving for the highest quality in everything we do'),
(3, 'pt-BR', 'Excelência', 'Buscando a mais alta qualidade em tudo que fazemos'),
(3, 'es', 'Excelencia', 'Esforzándose por la más alta calidad en todo lo que hacemos'),
(4, 'en', 'Integrity', 'Acting with honesty and strong moral principles'),
(4, 'pt-BR', 'Integridade', 'Agindo com honestidade e princípios morais sólidos'),
(4, 'es', 'Integridad', 'Actuando con honestidad y principios morales sólidos'),
(5, 'en', 'Customer Focus', 'Putting our customers at the center of everything we do'),
(5, 'pt-BR', 'Foco no Cliente', 'Colocando nossos clientes no centro de tudo que fazemos'),
(5, 'es', 'Enfoque al Cliente', 'Poniendo a nuestros clientes en el centro de todo lo que hacemos');

-- Basic system translations
INSERT INTO "system_translations" ("translation_key", "language_code", "translation", "context") VALUES
-- Common UI elements
('buttons.save', 'en', 'Save', 'Action button'),
('buttons.save', 'pt-BR', 'Salvar', 'Action button'),
('buttons.save', 'es', 'Guardar', 'Action button'),
('buttons.cancel', 'en', 'Cancel', 'Action button'),
('buttons.cancel', 'pt-BR', 'Cancelar', 'Action button'),
('buttons.cancel', 'es', 'Cancelar', 'Action button'),
('buttons.delete', 'en', 'Delete', 'Action button'),
('buttons.delete', 'pt-BR', 'Excluir', 'Action button'),
('buttons.delete', 'es', 'Eliminar', 'Action button'),

-- Navigation
('nav.dashboard', 'en', 'Dashboard', 'Navigation menu'),
('nav.dashboard', 'pt-BR', 'Painel', 'Navigation menu'),
('nav.dashboard', 'es', 'Panel', 'Navigation menu'),
('nav.compliments', 'en', 'Compliments', 'Navigation menu'),
('nav.compliments', 'pt-BR', 'Elogios', 'Navigation menu'),
('nav.compliments', 'es', 'Elogios', 'Navigation menu'),
('nav.rewards', 'en', 'Rewards', 'Navigation menu'),
('nav.rewards', 'pt-BR', 'Recompensas', 'Navigation menu'),
('nav.rewards', 'es', 'Recompensas', 'Navigation menu');

-- ============================================================================
-- VALIDATION QUERIES
-- ============================================================================

-- I18n implementation validation
SELECT 
  'Internationalization Setup' as check_type,
  COUNT(DISTINCT l.code) as supported_languages,
  COUNT(DISTINCT c.code) as supported_currencies,
  COUNT(DISTINCT st.translation_key) as translation_keys,
  COUNT(DISTINCT ii.initiative_id) as localized_initiatives,
  COUNT(DISTINCT ri.reward_id) as localized_rewards
FROM languages l
CROSS JOIN currencies c
LEFT JOIN system_translations st ON l.code = st.language_code
LEFT JOIN initiatives_i18n ii ON l.code = ii.language_code
LEFT JOIN rewards_i18n ri ON l.code = ri.language_code
WHERE l.active = true AND c.active = true;

-- Localization coverage check
SELECT 
  l.code as language_code,
  l.name as language_name,
  COUNT(DISTINCT st.translation_key) as system_translations,
  COUNT(DISTINCT cvi.value_id) as company_values,
  COUNT(DISTINCT ii.initiative_id) as initiatives,
  COUNT(DISTINCT ri.reward_id) as rewards
FROM languages l
LEFT JOIN system_translations st ON l.code = st.language_code
LEFT JOIN company_values_i18n cvi ON l.code = cvi.language_code
LEFT JOIN initiatives_i18n ii ON l.code = ii.language_code
LEFT JOIN rewards_i18n ri ON l.code = ri.language_code
WHERE l.active = true
GROUP BY l.code, l.name
ORDER BY l.code;

-- ============================================================================
-- NOTES FOR PART 5
-- ============================================================================

/*
PART 4 COMPLETE - Comprehensive internationalization and localization system implemented

I18n features added:
✅ Multi-language support with RTL and cultural settings
✅ Comprehensive currency system with exchange rates
✅ User localization preferences (language, timezone, currency, formats)
✅ Localized content system for all major entities
✅ Multi-currency pricing for rewards
✅ System translations for UI elements
✅ Timezone-aware functions and utilities
✅ Currency formatting functions
✅ Localized views with fallback support
✅ Cultural customization (date formats, number formats, week start)

Next (Part 5 - Analytics & Advanced Features):
- Business intelligence and analytics tables
- User activity tracking and behavior analysis
- Performance metrics and KPI calculation
- Advanced search and filtering capabilities
- Reporting and dashboard optimization
- Final system optimization and maintenance utilities
*/ 